{
  "surrealdb": {
    "create_avg_sec": 0.0020285509,
    "create_total_sec": 10.142754499999999,
    "read_avg_sec": 0.001747701920000006,
    "read_total_sec": 8.73850960000003,
    "update_avg_sec": 0.001923618440000011,
    "update_total_sec": 9.618092200000055,
    "delete_avg_sec": 0.0019713980200000048,
    "delete_total_sec": 9.856990100000024,
    "ops": 5000
  },
  "postgres": {
    "create_avg_sec": 0.003111975699999997,
    "create_total_sec": 15.559878499999986,
    "read_avg_sec": 0.0016964228600000008,
    "read_total_sec": 8.482114300000005,
    "update_avg_sec": 0.003171224679999997,
    "update_total_sec": 15.856123399999985,
    "delete_avg_sec": 0.0031546888200000064,
    "delete_total_sec": 15.773444100000031,
    "ops": 5000
  },
  "mongodb": {
    "create_avg_sec": 0.0016634359399999997,
    "create_total_sec": 8.317179699999999,
    "read_avg_sec": 0.0014741506399999992,
    "read_total_sec": 7.370753199999996,
    "update_avg_sec": 0.0013496774799999958,
    "update_total_sec": 6.748387399999979,
    "delete_avg_sec": 0.0013577860000000008,
    "delete_total_sec": 6.788930000000004,
    "ops": 5000
  },
  "rocksdb_raw": {
    "create_avg_sec": 0.000024896399999999926,
    "create_total_sec": 0.12448199999999963,
    "read_avg_sec": 6.810140000000011e-6,
    "read_total_sec": 0.03405070000000005,
    "update_avg_sec": 0.000023005380000000007,
    "update_total_sec": 0.11502690000000003,
    "delete_avg_sec": 0.000020632660000000038,
    "delete_total_sec": 0.1031633000000002,
    "ops": 5000
  },
  "conclusions": {
    "fastest_create": {
      "database": "RocksDB",
      "time_sec": 0.000024896399999999926
    },
    "fastest_read": {
      "database": "RocksDB",
      "time_sec": 6.810140000000011e-6
    },
    "fastest_update": {
      "database": "RocksDB",
      "time_sec": 0.000023005380000000007
    },
    "fastest_delete": {
      "database": "RocksDB",
      "time_sec": 0.000020632660000000038
    },
    "overall_fastest": {
      "database": "RocksDB",
      "time_sec": 0.3767228999999999
    }
  }
}