{
  "surrealdb": {
    "create_avg_sec": 0.0011587409400000003,
    "create_total_sec": 5.793704700000001,
    "read_avg_sec": 0.0009684377599999992,
    "read_total_sec": 4.842188799999996,
    "update_avg_sec": 0.0010762189,
    "update_total_sec": 5.3810945,
    "delete_avg_sec": 0.0010966422600000036,
    "delete_total_sec": 5.4832113000000176,
    "ops": 5000
  },
  "postgres": {
    "create_avg_sec": 0.0019216940599999983,
    "create_total_sec": 9.608470299999992,
    "read_avg_sec": 0.0009969226599999994,
    "read_total_sec": 4.984613299999997,
    "update_avg_sec": 0.001974541199999995,
    "update_total_sec": 9.872705999999976,
    "delete_avg_sec": 0.0019846224600000026,
    "delete_total_sec": 9.923112300000012,
    "ops": 5000
  },
  "mongodb": {
    "create_avg_sec": 0.0010123861999999976,
    "create_total_sec": 5.061930999999988,
    "read_avg_sec": 0.0009478961399999968,
    "read_total_sec": 4.739480699999984,
    "update_avg_sec": 0.000865775919999998,
    "update_total_sec": 4.32887959999999,
    "delete_avg_sec": 0.0008704577200000015,
    "delete_total_sec": 4.352288600000008,
    "ops": 5000
  },
  "rocksdb_raw": {
    "create_avg_sec": 0.000025763120000000006,
    "create_total_sec": 0.12881560000000003,
    "read_avg_sec": 7.344100000000007e-6,
    "read_total_sec": 0.03672050000000004,
    "update_avg_sec": 0.00002437514000000009,
    "update_total_sec": 0.12187570000000046,
    "delete_avg_sec": 0.00002174351999999989,
    "delete_total_sec": 0.10871759999999944,
    "ops": 5000
  },
  "conclusions": {
    "fastest_create": {
      "database": "RocksDB",
      "time_sec": 0.000025763120000000006
    },
    "fastest_read": {
      "database": "RocksDB",
      "time_sec": 7.344100000000007e-6
    },
    "fastest_update": {
      "database": "RocksDB",
      "time_sec": 0.00002437514000000009
    },
    "fastest_delete": {
      "database": "RocksDB",
      "time_sec": 0.00002174351999999989
    },
    "overall_fastest": {
      "database": "RocksDB",
      "time_sec": 0.39612939999999996
    }
  }
}