{
  "surrealdb": {
    "create_avg_ms": 1.796439300000003,
    "read_avg_ms": 1.5213690599999983,
    "update_avg_ms": 1.6433703600000074,
    "delete_avg_ms": 1.866642839999994,
    "ops": 5000
  },
  "postgres": {
    "create_avg_ms": 1.8869281800000015,
    "read_avg_ms": 0.956637459999996,
    "update_avg_ms": 1.9315026000000006,
    "delete_avg_ms": 1.9589085000000057,
    "ops": 5000
  },
  "mongodb": {
    "create_avg_ms": 0.9605347400000035,
    "read_avg_ms": 0.8687391000000012,
    "update_avg_ms": 0.7971289000000015,
    "delete_avg_ms": 0.7956439600000014,
    "ops": 5000
  }
}